<?xml version="1.0" ?>
<Root>
  <ImageBuilderProp IsTheDeviceSecure="true" StorageCapacityBytes="4194304">
    <DevelopmentImage>
      <DevMacAddress>98:84:e3:4e:13:c9</DevMacAddress>
    </DevelopmentImage>
    <RetToFactoryFlagsList>
      <RetToFactoryFlag>RET_TO_IMAGE_HOST</RetToFactoryFlag>
      <RetToFactoryFlag>RET_TO_DEFAULT_HOST</RetToFactoryFlag>
      <RetToFactoryFlag>RET_TO_IMAGE_GPIO</RetToFactoryFlag>
    </RetToFactoryFlagsList>
  </ImageBuilderProp>
  <CommandsSetList>
    <CommandsSet>
      <Command>
        <CommandFormatStorage EraseStorage="false" SecurityAlertThreshold="15"/>
      </Command>
      <Command>
        <CommandWriteCertificateStore SignatureFileName="C:/ti/simplelink_cc32xx_sdk_7_10_00_13\tools/cc32xx_tools/certificate-playground\certcatalogPlayGround20160911.lst.signed_3220.bin">
          <FileLocation>C:/ti/simplelink_cc32xx_sdk_7_10_00_13\tools/cc32xx_tools/certificate-playground\certcatalogPlayGround20160911.lst</FileLocation>
        </CommandWriteCertificateStore>
      </Command>
      <Command>
        <CommandWriteServicePack ServicePackVersion="UCF_ROM">
          <FileLocation>C:/ti/simplelink_cc32xx_sdk_7_10_00_13\tools/cc32xx_tools/servicepack-cc3x20\sp_3.22.0.1_2.7.0.0_2.2.0.7.bin</FileLocation>
        </CommandWriteServicePack>
      </Command>
      <Command>
        <CommandWriteSystemFile>
          <SystemFileId>CONFIG_TYPE_IP_CONFIG</SystemFileId>
          <FileLocation>C:/Users/marga/workspace_v12/gpiointerrupt_CC3220S_LAUNCHXL_nortos_gcc/MCU+Image/syscfg\sl_fs\sys\ipcfg.bin</FileLocation>
        </CommandWriteSystemFile>
      </Command>
      <Command>
        <CommandWriteSystemFile>
          <SystemFileId>CONFIG_TYPE_DEVICE_NAME</SystemFileId>
          <FileLocation>C:/Users/marga/workspace_v12/gpiointerrupt_CC3220S_LAUNCHXL_nortos_gcc/MCU+Image/syscfg\sl_fs\sys\device.name.bin</FileLocation>
        </CommandWriteSystemFile>
      </Command>
      <Command>
        <CommandWriteSystemFile>
          <SystemFileId>CONFIG_TYPE_AP</SystemFileId>
          <FileLocation>C:/Users/marga/workspace_v12/gpiointerrupt_CC3220S_LAUNCHXL_nortos_gcc/MCU+Image/syscfg\sl_fs\sys\ap.cfg.bin</FileLocation>
        </CommandWriteSystemFile>
      </Command>
      <Command>
        <CommandWriteSystemFile>
          <SystemFileId>CONFIG_TYPE_HTTP_SRV</SystemFileId>
          <FileLocation>C:/Users/marga/workspace_v12/gpiointerrupt_CC3220S_LAUNCHXL_nortos_gcc/MCU+Image/syscfg\sl_fs\sys\httpsrv.cfg.bin</FileLocation>
        </CommandWriteSystemFile>
      </Command>
      <Command>
        <CommandWriteSystemFile>
          <SystemFileId>CONFIG_TYPE_DHCP_SRV</SystemFileId>
          <FileLocation>C:/Users/marga/workspace_v12/gpiointerrupt_CC3220S_LAUNCHXL_nortos_gcc/MCU+Image/syscfg\sl_fs\sys\dhcpsrv.cfg.bin</FileLocation>
        </CommandWriteSystemFile>
      </Command>
      <Command>
        <CommandWriteSystemFile>
          <SystemFileId>CONFIG_TYPE_STA_CONFIG</SystemFileId>
          <FileLocation>C:/Users/marga/workspace_v12/gpiointerrupt_CC3220S_LAUNCHXL_nortos_gcc/MCU+Image/syscfg\sl_fs\sys\sta.cfg.bin</FileLocation>
        </CommandWriteSystemFile>
      </Command>
      <Command>
        <CommandWriteSystemFile>
          <SystemFileId>CONFIG_TYPE_MODE</SystemFileId>
          <FileLocation>C:/Users/marga/workspace_v12/gpiointerrupt_CC3220S_LAUNCHXL_nortos_gcc/MCU+Image/syscfg\sl_fs\sys\mode.cfg.bin</FileLocation>
        </CommandWriteSystemFile>
      </Command>
      <Command>
        <CommandWriteFile>
          <FileSystemName>@@.tmp</FileSystemName>
          <MaxFileSize>255</MaxFileSize>
          <FileLocation>C:/ti/simplelink_cc32xx_sdk_7_10_00_13\source/ti/drivers/net/imagecreator/files\tmp.tmp</FileLocation>
        </CommandWriteFile>
      </Command>
      <Command>
        <CommandWriteFile>
          <FileSystemName>dummy-root-ca-cert</FileSystemName>
          <FileOpenFlagsList/>
          <MaxFileSize>975</MaxFileSize>
          <FileLocation>C:/Users/marga/workspace_v12/gpiointerrupt_CC3220S_LAUNCHXL_nortos_gcc/MCU+Image/syscfg\sl_fs\dummy-root-ca-cert</FileLocation>
        </CommandWriteFile>
      </Command>
      <Command>
        <CommandWriteFile CertificationFileName="dummy-root-ca-cert" SignatureFileName="C:/Users/marga/workspace_v12/gpiointerrupt_CC3220S_LAUNCHXL_nortos_gcc/MCU+Image/syscfg\sl_fs\sys/mcuimg.bin.bin">
          <FileSystemName>/sys/mcuimg.bin</FileSystemName>
          <FileOpenFlagsList>
            <FileOpenFlag>FILE_OPEN_FLAG_FAILSAFE</FileOpenFlag>
            <FileOpenFlag>FILE_OPEN_FLAG_PUBLIC_WRITE</FileOpenFlag>
            <FileOpenFlag>FILE_OPEN_FLAG_SECURE</FileOpenFlag>
          </FileOpenFlagsList>
          <MaxFileSize>262144</MaxFileSize>
          <FileLocation>C:/Users/marga/workspace_v12/gpiointerrupt_CC3220S_LAUNCHXL_nortos_gcc/MCU+Image/syscfg\sl_fs\sys/mcuimg.bin</FileLocation>
        </CommandWriteFile>
      </Command>
      <Command>
        <CommandWriteFile>
          <FileSystemName>/tmp/CrashMiniDump.bin</FileSystemName>
          <MaxFileSize>24576</MaxFileSize>
          <FileLocation>C:/ti/simplelink_cc32xx_sdk_7_10_00_13\source/ti/drivers/net/imagecreator/files\CrashMiniDump.bin</FileLocation>
        </CommandWriteFile>
      </Command>
    </CommandsSet>
  </CommandsSetList>
</Root>
